{"version":1,"exploreParams":{"globalModeParams":{"pitch":-40},"buildingModeParams":{"enabled":true,"pitch":-50},"floorModeParams":{"pitch":-60},"pitch":-55},"compassParams":{"enabled":true},"locationParams":{"buttonAvailable":false},"locatePlaceParams":{"buttonAvailable":true},"routingParams":{"enabled":true,"accessibleRouteOptionAvailable":false,"accessibleRouteModalities":[],"accessibleRouteAttributes":["escalator","stairway"],"routeWidth":1,"recomputeWhenLostDistance":25},"navigationParams":{"navigationViewAvailable":true},"cmsParams":{"liveRefresh":false,"cmsUrl":false}}
