<?xml version="1.0" encoding="UTF-8"?>
<vgconfig version="2">
  <init mode="mapMode"/>
  <flags>
    <flag name="distanceFactor" value="0.1"/>
    <flag name="noUnload" value="1"/>
    <flag name="mapDebugLabels" value="0"/>
    <flag name="mapLabelOrientation" value="eFaceUpOrDown"/>
    <flag name="updateFrameRateLimit" value="-1"/>
    <flag name="renderFrameRateLimit" value="-1"/>
  </flags>
  <vg2DManipulator maxAltitude="2000.0" minAltitude="20" doubleFingerYawing="on" doubleFingerPitching="on" maxPitch="-10" minPitch="-80"/>
  <camera pitch="-55" yaw="-98.468348"/>
  <resources>
    <databases>
      <database resource="visioisland.20210212.sqlite"/>
    </databases>
    <textures>
      <texture id="eBackground" resource="background.png"/>
      <texture id="eSkyBox" type="eTextureCube" resource="skybox.island.png"/>
    </textures>
    <models>
      <model id="Aeroport" resource="Aeroport.vsg4"/>
      <model id="ArbreA" resource="ArbreA.vsg4"/>
      <model id="ArbreB" resource="ArbreB.vsg4"/>
      <model id="ArbreC" resource="ArbreC.vsg4"/>
      <model id="AvionOK" resource="AvionOK.vsg4"/>
      <model id="Mall" resource="Mall.vsg4"/>
      <model id="Musee" resource="Musee.vsg4"/>
      <model id="Office" resource="Office.vsg4"/>
    </models>
  </resources>
  <datasets>
    <dataset name="0" pickTags="floor" dynamicClipping="on">
      <sky/>
      <background color1="0xd5f1f4ff" color2="0x6ac8d1ff"/>
      <camera x="274.0" y="45.0" height="263.0"/>
      <layer name="B1-UL00" semanticTag="floor" type="VgSimpleLayer" archive="data/visioisland.B1-UL00.20210212.bin" distancePolicy="eWorldAxisZ" LODFactor="0.03" loadFactor="0.03">
			</layer>
      <layer name="B2-LL01" semanticTag="floor" type="VgSimpleLayer" archive="data/visioisland.B2-LL01.20210212.bin" distancePolicy="eWorldAxisZ" LODFactor="0.03" loadFactor="0.03">
			</layer>
      <layer name="B2-UL00" semanticTag="floor" type="VgSimpleLayer" archive="data/visioisland.B2-UL00.20210212.bin" distancePolicy="eWorldAxisZ" LODFactor="0.03" loadFactor="0.03">
			</layer>
      <layer name="B2-UL01" semanticTag="floor" type="VgSimpleLayer" archive="data/visioisland.B2-UL01.20210212.bin" distancePolicy="eWorldAxisZ" LODFactor="0.03" loadFactor="0.03">
			</layer>
      <layer name="B3-LL01" semanticTag="floor" type="VgSimpleLayer" archive="data/visioisland.B3-LL01.20210212.bin" distancePolicy="eWorldAxisZ" LODFactor="0.03" loadFactor="0.03">
			</layer>
      <layer name="B3-UL00" semanticTag="floor" type="VgSimpleLayer" archive="data/visioisland.B3-UL00.20210212.bin" distancePolicy="eWorldAxisZ" LODFactor="0.03" loadFactor="0.03">
			</layer>
      <layer name="B3-UL01" semanticTag="floor" type="VgSimpleLayer" archive="data/visioisland.B3-UL01.20210212.bin" distancePolicy="eWorldAxisZ" LODFactor="0.03" loadFactor="0.03">
			</layer>
      <layer name="B4-UL00" semanticTag="floor" type="VgSimpleLayer" archive="data/visioisland.B4-UL00.20210212.bin" distancePolicy="eWorldAxisZ" LODFactor="0.03" loadFactor="0.03">
			</layer>
      <layer name="B4-UL01" semanticTag="floor" type="VgSimpleLayer" archive="data/visioisland.B4-UL01.20210212.bin" distancePolicy="eWorldAxisZ" LODFactor="0.03" loadFactor="0.03">
			</layer>
      <layer name="B4-UL02" semanticTag="floor" type="VgSimpleLayer" archive="data/visioisland.B4-UL02.20210212.bin" distancePolicy="eWorldAxisZ" LODFactor="0.03" loadFactor="0.03">
			</layer>
      <layer name="B4-UL03" semanticTag="floor" type="VgSimpleLayer" archive="data/visioisland.B4-UL03.20210212.bin" distancePolicy="eWorldAxisZ" LODFactor="0.03" loadFactor="0.03">
			</layer>
      <layer name="B4-UL04" semanticTag="floor" type="VgSimpleLayer" archive="data/visioisland.B4-UL04.20210212.bin" distancePolicy="eWorldAxisZ" LODFactor="0.03" loadFactor="0.03">
			</layer>
      <layer name="B4-UL05" semanticTag="floor" type="VgSimpleLayer" archive="data/visioisland.B4-UL05.20210212.bin" distancePolicy="eWorldAxisZ" LODFactor="0.03" loadFactor="0.03">
			</layer>
      <layer name="outside" semanticTag="floor" type="VgSimpleLayer" archive="data/visioisland.outside.20210212.bin" distancePolicy="eWorldAxisZ" LODFactor="0.03" loadFactor="0.03">
        <model vg_owner="VME" id="B2" resource="Aeroport" transform="translate(103.242228576,-130.68046825143,0)*rotateZ(101.71)*scale(0.59537905604608,0.59537905604608,0.59537905604608)"/>
        <model vg_owner="VME" resource="AvionOK" transform="translate(101.00674189178,-179.43604060882,0)*rotateZ(-41.56397536771)*scale(1.0133545143519,1.0133545143519,1.0133545143519)"/>
        <model vg_owner="VME" resource="AvionOK" transform="translate(135.39969815829,-148.49882906167,0)*rotateZ(-46.333992643789)*scale(1.0133488276427,1.0133488276427,1.0133488276427)"/>
        <model vg_owner="VME" resource="AvionOK" transform="translate(150.63260735994,-132.23474364701,0)*rotateZ(-48.370697313954)*scale(1.013348532646,1.013348532646,1.013348532646)"/>
        <model vg_owner="VME" resource="AvionOK" transform="translate(165.14074197042,-113.18074354958,0)*rotateZ(-60.785469354331)*scale(1.0133485995416,1.0133485995416,1.0133485995416)"/>
        <model vg_owner="VME" resource="AvionOK" transform="translate(177.76906819468,-151.62532603859,0)*rotateZ(55.698776398534)*scale(0.99476678595172,0.99476678595172,0.99476678595172)"/>
        <model vg_owner="VME" resource="ArbreB" transform="translate(159.72436030456,-42.148208427828,0)*rotateZ(101.71)*scale(0.63808171933633,0.63808171933633,0.63808171933633)"/>
        <model vg_owner="VME" resource="ArbreA" transform="translate(162.48053654488,-72.661143310538,0)*rotateZ(101.71)*scale(1.0447325076682,1.0447325076682,1.0447325076682)"/>
        <model vg_owner="VME" resource="ArbreC" transform="translate(142.89729864735,-55.840093893177,0)*rotateZ(101.71)*scale(0.65849317064169,0.65849317064169,0.65849317064169)"/>
        <model vg_owner="VME" resource="ArbreC" transform="translate(102.20730268366,19.594173651357,0)*rotateZ(135.83727795227)*scale(0.65849182342385,0.65849182342385,0.65849182342385)"/>
        <model vg_owner="VME" resource="ArbreB" transform="translate(119.14236093608,4.7949973580855,0)*rotateZ(-12.565176261236)*scale(0.63808343139167,0.63808343139167,0.63808343139167)"/>
        <model vg_owner="VME" resource="ArbreA" transform="translate(6.6343382574323,239.91545636197,0)*rotateZ(174.69734909097)*scale(0.91414116579095,0.91414116579095,0.91414116579095)"/>
        <model vg_owner="VME" resource="ArbreB" transform="translate(-183.33428359124,19.631393218657,0)*rotateZ(53.672961328934)*scale(0.7292374388969,0.7292374388969,0.7292374388969)"/>
        <model vg_owner="VME" resource="ArbreA" transform="translate(-193.01446124758,86.254638745267,0)*rotateZ(-60.766913175381)*scale(0.91413741774869,0.91413741774869,0.91413741774869)"/>
        <model vg_owner="VME" resource="ArbreA" transform="translate(114.78266596596,203.99980471835,0)*rotateZ(101.71)*scale(1.0447325076682,1.0447325076682,1.0447325076682)"/>
        <model vg_owner="VME" resource="ArbreC" transform="translate(131.6385156796,186.60711236118,0)*rotateZ(-13.665159180816)*scale(0.65849340976105,0.65849340976105,0.65849340976105)"/>
        <model vg_owner="VME" resource="ArbreC" transform="translate(47.533210325665,-196.66591212819,0)*rotateZ(-76.371345855283)*scale(0.6584933792716,0.6584933792716,0.6584933792716)"/>
        <model vg_owner="VME" resource="ArbreB" transform="translate(-11.680827365684,-129.48868544356,0)*rotateZ(253.68070735722)*scale(0.72923469764155,0.72923469764155,0.72923469764155)"/>
        <model vg_owner="VME" resource="ArbreA" transform="translate(-191.68468518475,-28.948777908867,0)*rotateZ(101.71)*scale(0.9141426379784,0.9141426379784,0.9141426379784)"/>
        <model vg_owner="VME" resource="ArbreC" transform="translate(-5.1452336821914,-156.91121603487,0)*rotateZ(196.17424399799)*scale(0.65849279785089,0.65849279785089,0.65849279785089)"/>
        <model vg_owner="VME" resource="ArbreA" transform="translate(-53.495342495308,-129.70686706392,0)*rotateZ(38.728999874123)*scale(0.9141431511809,0.9141431511809,0.9141431511809)"/>
        <model vg_owner="VME" resource="ArbreA" transform="translate(-40.066934433967,-183.09424174431,0)*rotateZ(86.743015390491)*scale(0.91413682156321,0.91413682156321,0.91413682156321)"/>
        <model vg_owner="VME" resource="ArbreC" transform="translate(-41.983331959625,233.6051021518,0)*rotateZ(-48.519137173211)*scale(0.65849342194123,0.65849342194123,0.65849342194123)"/>
        <model vg_owner="VME" resource="ArbreB" transform="translate(-13.211137515176,205.74134629291,0)*rotateZ(224.95350601121)*scale(0.72922953642597,0.72922953642597,0.72922953642597)"/>
        <model vg_owner="VME" resource="ArbreB" transform="translate(-180.9741622792,128.11157944402,0)*rotateZ(205.2311718021)*scale(0.72923608716067,0.72923608716067,0.72923608716067)"/>
        <model vg_owner="VME" resource="ArbreC" transform="translate(-212.11239413033,48.304574347031,0)*rotateZ(113.30035670653)*scale(0.65849290430181,0.65849290430181,0.65849290430181)"/>
        <model vg_owner="VME" id="B4" resource="Office" transform="translate(-93.509109803575,152.92117370772,0)*rotateZ(101.71)*scale(0.59991820152586,0.59991820152586,0.59991820152586)"/>
        <model vg_owner="VME" id="B3" resource="Mall" transform="translate(-104.66321316179,-52.517404544594,0)*rotateZ(101.71)*scale(0.59468125035758,0.59468125035758,0.59468125035758)"/>
        <model vg_owner="VME" id="B1" resource="Musee" transform="translate(139.1478493661,88.803644046272,0)*rotateZ(101.71)*scale(0.59192140507954,0.59192140507954,0.59192140507954)"/>
        <model vg_owner="VME" id="outside-lonepine" resource="ArbreC" transform="translate(-18.462779740844,2.3195991582075,0)*rotateZ(196.17427694042)*scale(0.68573891909659,0.68573891909659,0.68573891909659)"/>
      </layer>
      <limits>
        <min lat="45.737933" lon="4.877304" height="0.0"/>
        <max lat="45.744466" lon="4.887069" height="50.0"/>
      </limits>
    </dataset>
  </datasets>
</vgconfig>
