<?xml version="1.0" encoding="UTF-8"?>
<vgconfig version="2">
  <init mode="mapMode"/>
  <flags>
    <flag name="distanceFactor" value="0.1"/>
    <flag name="noUnload" value="1"/>
    <flag name="mapDebugLabels" value="0"/>
    <flag name="mapLabelOrientation" value="eFaceUpOrDown"/>
    <flag name="updateFrameRateLimit" value="-1"/>
    <flag name="renderFrameRateLimit" value="-1"/>
  </flags>
  <vg2DManipulator maxAltitude="2000.0" minAltitude="20" doubleFingerYawing="on" doubleFingerPitching="on" maxPitch="-10" minPitch="-80"/>
  <camera pitch="-55" yaw="-98.468348"/>
  <resources>
    <databases>
      <database resource="visioisland.20211020.sqlite"/>
    </databases>
    <textures>
      <texture id="eBackground" resource="background.png"/>
      <texture id="eSkyBox" type="eTextureCube" resource="skybox.island.png"/>
    </textures>
    <models>
      <model id="Aeroport" resource="Aeroport.vsg4"/>
      <model id="ArbreA" resource="ArbreA.vsg4"/>
      <model id="ArbreB" resource="ArbreB.vsg4"/>
      <model id="ArbreC" resource="ArbreC.vsg4"/>
      <model id="Avion" resource="Avion.vsg4"/>
      <model id="Mall" resource="Mall.vsg4"/>
      <model id="Musee" resource="Musee.vsg4"/>
      <model id="Office" resource="Office.vsg4"/>
    </models>
  </resources>
  <datasets>
    <dataset name="0" pickTags="floor" dynamicClipping="on">
      <sky/>
      <background color1="0xd5f1f4ff" color2="0x6ac8d1ff"/>
      <camera x="274.0" y="45.0" height="263.0"/>
      <layer name="B1-UL00" semanticTag="floor" type="VgSimpleLayer" archive="data/visioisland.B1-UL00.20211020.bin" distancePolicy="eWorldAxisZ" LODFactor="0.03" loadFactor="0.03">
			</layer>
      <layer name="B2-LL01" semanticTag="floor" type="VgSimpleLayer" archive="data/visioisland.B2-LL01.20211020.bin" distancePolicy="eWorldAxisZ" LODFactor="0.03" loadFactor="0.03">
			</layer>
      <layer name="B2-UL00" semanticTag="floor" type="VgSimpleLayer" archive="data/visioisland.B2-UL00.20211020.bin" distancePolicy="eWorldAxisZ" LODFactor="0.03" loadFactor="0.03">
			</layer>
      <layer name="B2-UL01" semanticTag="floor" type="VgSimpleLayer" archive="data/visioisland.B2-UL01.20211020.bin" distancePolicy="eWorldAxisZ" LODFactor="0.03" loadFactor="0.03">
			</layer>
      <layer name="B3-LL01" semanticTag="floor" type="VgSimpleLayer" archive="data/visioisland.B3-LL01.20211020.bin" distancePolicy="eWorldAxisZ" LODFactor="0.03" loadFactor="0.03">
			</layer>
      <layer name="B3-UL00" semanticTag="floor" type="VgSimpleLayer" archive="data/visioisland.B3-UL00.20211020.bin" distancePolicy="eWorldAxisZ" LODFactor="0.03" loadFactor="0.03">
			</layer>
      <layer name="B3-UL01" semanticTag="floor" type="VgSimpleLayer" archive="data/visioisland.B3-UL01.20211020.bin" distancePolicy="eWorldAxisZ" LODFactor="0.03" loadFactor="0.03">
			</layer>
      <layer name="B4-UL00" semanticTag="floor" type="VgSimpleLayer" archive="data/visioisland.B4-UL00.20211020.bin" distancePolicy="eWorldAxisZ" LODFactor="0.03" loadFactor="0.03">
			</layer>
      <layer name="B4-UL01" semanticTag="floor" type="VgSimpleLayer" archive="data/visioisland.B4-UL01.20211020.bin" distancePolicy="eWorldAxisZ" LODFactor="0.03" loadFactor="0.03">
			</layer>
      <layer name="B4-UL02" semanticTag="floor" type="VgSimpleLayer" archive="data/visioisland.B4-UL02.20211020.bin" distancePolicy="eWorldAxisZ" LODFactor="0.03" loadFactor="0.03">
			</layer>
      <layer name="B4-UL03" semanticTag="floor" type="VgSimpleLayer" archive="data/visioisland.B4-UL03.20211020.bin" distancePolicy="eWorldAxisZ" LODFactor="0.03" loadFactor="0.03">
			</layer>
      <layer name="B4-UL04" semanticTag="floor" type="VgSimpleLayer" archive="data/visioisland.B4-UL04.20211020.bin" distancePolicy="eWorldAxisZ" LODFactor="0.03" loadFactor="0.03">
			</layer>
      <layer name="B4-UL05" semanticTag="floor" type="VgSimpleLayer" archive="data/visioisland.B4-UL05.20211020.bin" distancePolicy="eWorldAxisZ" LODFactor="0.03" loadFactor="0.03">
			</layer>
      <layer name="outside" semanticTag="floor" type="VgSimpleLayer" archive="data/visioisland.outside.20211020.bin" distancePolicy="eWorldAxisZ" LODFactor="0.03" loadFactor="0.03">
        <model vg_owner="VME" id="B2" resource="Aeroport" transform="translate(103.242228576,-130.68046825143,0)*rotateZ(101.71)*scale(0.59537842711175,0.59537842711175,0.59537842711175)"/>
        <model vg_owner="VME" resource="Avion" transform="translate(101.00675302433,-179.43603200811,0)*rotateZ(-41.564006183551)*scale(1.0133555564716,1.0133555564716,1.0133555564716)"/>
        <model vg_owner="VME" resource="Avion" transform="translate(135.39969815829,-148.49882906167,0)*rotateZ(-46.333992643789)*scale(1.0133492455347,1.0133492455347,1.0133492455347)"/>
        <model vg_owner="VME" resource="Avion" transform="translate(150.63260617551,-132.2347418432,0)*rotateZ(-48.370703543228)*scale(1.0133488871364,1.0133488871364,1.0133488871364)"/>
        <model vg_owner="VME" resource="Avion" transform="translate(165.14074197042,-113.18074354958,0)*rotateZ(-60.785469354331)*scale(1.0133490174335,1.0133490174335,1.0133490174335)"/>
        <model vg_owner="VME" resource="Avion" transform="translate(177.76906819468,-151.62532603859,0)*rotateZ(55.698776398534)*scale(0.99476719618072,0.99476719618072,0.99476719618072)"/>
        <model vg_owner="VME" resource="ArbreB" transform="translate(159.72436030456,-42.148208427828,0)*rotateZ(101.71)*scale(5.4789354026427,5.4789354026427,5.4789354026427)"/>
        <model vg_owner="VME" resource="ArbreA" transform="translate(162.48053654488,-72.661143310538,0)*rotateZ(101.71)*scale(1.7561773638334,1.7561773638334,1.7561773638334)"/>
        <model vg_owner="VME" resource="ArbreC" transform="translate(142.89729864735,-55.840093893177,0)*rotateZ(101.71)*scale(3.6143757967184,3.6143757967184,3.6143757967184)"/>
        <model vg_owner="VME" resource="ArbreC" transform="translate(102.20730358557,19.594174243573,0)*rotateZ(135.8372820397)*scale(3.6143680215839,3.6143680215839,3.6143680215839)"/>
        <model vg_owner="VME" resource="ArbreB" transform="translate(119.14236434811,4.7949931446657,0)*rotateZ(-12.565166270904)*scale(5.4789529478617,5.4789529478617,5.4789529478617)"/>
        <model vg_owner="VME" resource="ArbreA" transform="translate(6.6343382574323,239.91545636197,0)*rotateZ(174.69734909097)*scale(1.5366555658285,1.5366555658285,1.5366555658285)"/>
        <model vg_owner="VME" resource="ArbreB" transform="translate(-183.33427972825,19.631389301346,0)*rotateZ(53.672938997974)*scale(6.261652483828,6.261652483828,6.261652483828)"/>
        <model vg_owner="VME" resource="ArbreA" transform="translate(-193.01446424941,86.254637419572,0)*rotateZ(-60.766910512159)*scale(1.5366487610897,1.5366487610897,1.5366487610897)"/>
        <model vg_owner="VME" resource="ArbreA" transform="translate(114.78266596596,203.99980471835,0)*rotateZ(101.71)*scale(1.7561773638334,1.7561773638334,1.7561773638334)"/>
        <model vg_owner="VME" resource="ArbreC" transform="translate(131.63851828752,186.60711084669,0)*rotateZ(-13.665159603688)*scale(3.6143783935302,3.6143783935302,3.6143783935302)"/>
        <model vg_owner="VME" resource="ArbreC" transform="translate(47.533210418199,-196.66591226911,0)*rotateZ(-76.371344717558)*scale(3.6143769442628,3.6143769442628,3.6143769442628)"/>
        <model vg_owner="VME" resource="ArbreB" transform="translate(-11.680827661792,-129.48868499261,0)*rotateZ(253.68070494559)*scale(6.2616272652783,6.2616272652783,6.2616272652783)"/>
        <model vg_owner="VME" resource="ArbreA" transform="translate(-191.68468518475,-28.948777908867,0)*rotateZ(101.71)*scale(1.5366580405503,1.5366580405503,1.5366580405503)"/>
        <model vg_owner="VME" resource="ArbreC" transform="translate(-5.1452345562527,-156.91121531804,0)*rotateZ(196.17424116109)*scale(3.6143741975402,3.6143741975402,3.6143741975402)"/>
        <model vg_owner="VME" resource="ArbreA" transform="translate(-53.495342720785,-129.70686721198,0)*rotateZ(38.729001264912)*scale(1.5366589222561,1.5366589222561,1.5366589222561)"/>
        <model vg_owner="VME" resource="ArbreA" transform="translate(-40.066932657319,-183.09424445003,0)*rotateZ(86.74299729174)*scale(1.5366483930196,1.5366483930196,1.5366483930196)"/>
        <model vg_owner="VME" resource="ArbreC" transform="translate(-41.983330606767,233.60510304013,0)*rotateZ(-48.519142599461)*scale(3.6143777744663,3.6143777744663,3.6143777744663)"/>
        <model vg_owner="VME" resource="ArbreB" transform="translate(-13.211120656052,205.74133929228,0)*rotateZ(224.95359136241)*scale(6.261578925719,6.261578925719,6.261578925719)"/>
        <model vg_owner="VME" resource="ArbreB" transform="translate(-180.9741622792,128.11157944402,0)*rotateZ(205.2311718021)*scale(6.2616390561774,6.2616390561774,6.2616390561774)"/>
        <model vg_owner="VME" resource="ArbreC" transform="translate(-212.11239532834,48.304574205768,0)*rotateZ(113.30035881126)*scale(3.6143748312052,3.6143748312052,3.6143748312052)"/>
        <model vg_owner="VME" id="B4" resource="Office" transform="translate(-93.509109803575,152.92117370772,0)*rotateZ(101.71)*scale(0.59991820152587,0.59991820152587,0.59991820152587)"/>
        <model vg_owner="VME" id="B3" resource="Mall" transform="translate(-104.66321316179,-52.517404544594,0)*rotateZ(101.71)*scale(0.59468162481557,0.59468162481557,0.59468162481557)"/>
        <model vg_owner="VME" id="B1" resource="Musee" transform="translate(139.1478493661,88.803644046272,0)*rotateZ(101.71)*scale(0.59192138758483,0.59192138758483,0.59192138758483)"/>
        <model vg_owner="VME" id="outside-lonepine" resource="ArbreC" transform="translate(-18.462779698738,2.3195998312412,0)*rotateZ(196.17427928371)*scale(3.7639240955662,3.7639240955662,3.7639240955662)"/>
      </layer>
      <limits>
        <min lat="45.737933" lon="4.877304" height="0.0"/>
        <max lat="45.744466" lon="4.887069" height="50.0"/>
      </limits>
    </dataset>
  </datasets>
</vgconfig>
