{"layer":"outside","defaultBuilding":"B3","buildings":{"B4":{"defaultFloor":"B4-UL00","displayIndex":0,"floors":{"B4-UL00":{"layer":"B4-UL00","stackGap":0.5,"stackHeightMin":0,"stackHeightMax":3,"levelIndex":0},"B4-UL01":{"layer":"B4-UL01","stackGap":0.5,"stackHeightMin":0,"stackHeightMax":3,"levelIndex":1},"B4-UL02":{"layer":"B4-UL02","stackGap":0.5,"stackHeightMin":0,"stackHeightMax":3,"levelIndex":2},"B4-UL03":{"layer":"B4-UL03","stackGap":0.5,"stackHeightMin":0,"stackHeightMax":3,"levelIndex":3},"B4-UL04":{"layer":"B4-UL04","stackGap":0.5,"stackHeightMin":0,"stackHeightMax":3,"levelIndex":4},"B4-UL05":{"layer":"B4-UL05","stackGap":0.5,"stackHeightMin":0,"stackHeightMax":3,"levelIndex":5}}},"B3":{"defaultFloor":"B3-UL00","displayIndex":1,"floors":{"B3-LL01":{"layer":"B3-LL01","stackGap":2,"stackHeightMin":0,"stackHeightMax":3,"levelIndex":-1},"B3-UL00":{"layer":"B3-UL00","stackGap":1,"stackHeightMin":0,"stackHeightMax":3,"levelIndex":0},"B3-UL01":{"layer":"B3-UL01","stackGap":1,"stackHeightMin":0,"stackHeightMax":3,"levelIndex":1}}},"B2":{"defaultFloor":"B2-UL00","displayIndex":2,"floors":{"B2-LL01":{"layer":"B2-LL01","stackGap":1,"stackHeightMin":0,"stackHeightMax":3,"levelIndex":-1},"B2-UL00":{"layer":"B2-UL00","stackGap":1,"stackHeightMin":0,"stackHeightMax":3,"levelIndex":0},"B2-UL01":{"layer":"B2-UL01","stackGap":1,"stackHeightMin":0,"stackHeightMax":3,"levelIndex":1}}},"B1":{"defaultFloor":"B1-UL00","displayIndex":3,"floors":{"B1-UL00":{"layer":"B1-UL00","stackGap":0,"stackHeightMin":0,"stackHeightMax":3,"levelIndex":0}}}},"version":1}